"EventId","Group","QuestionCategory","LineOrder","Speaker","Text"
"Odin_FirstVisit","Intro","","1","Odin","안녕한가"
"Odin_FirstVisit","Intro","","2","Odin","이런곳에 음식점이 있는건 처음보는 것 같네"
"Odin_FirstVisit","Intro","","3","Player","아. 안녕하세요"
"Odin_FirstVisit","Intro","","4","Player","혹시..."
"Odin_FirstVisit","Intro","","5","Player","드래곤..이신가요?"
"Odin_FirstVisit","Intro","","6","Odin","허허 그렇다네"
"Odin_FirstVisit","Intro","","7","Odin","나는 황금 드래곤 오딘이라고 한다네"
"Odin_FirstVisit","Intro","","8","Odin","이렇게 알아주니 고맙네"
"Odin_FirstVisit","Intro","","9","Player","와..."
"Odin_FirstVisit","Intro","","10","Player","저 드래곤 실제로 처음봐요 "
"Odin_FirstVisit","Intro","","11","Player","드래곤들은 성격이 괴팍하다고... 그러던데..<size=7>(작은 목소리로)</size>"
"Odin_FirstVisit","Intro","","12","Odin","들린다네."
"Odin_FirstVisit","Intro","","13","Player","아. 죄송합니다!"
"Odin_FirstVisit","Intro","","14","Odin","아니라네 실제로 다른 동족들은 그런편이니"
"Odin_FirstVisit","Intro","","15","Player","죄송합니다. 다음부터는 입조심할게요.."
"Odin_FirstVisit","Intro","","16","Odin","그래주면 고맙겠네"
"Odin_FirstVisit","OrderIntent","","1","Odin","동굴의 흙내음이 은근히 밴 따뜻한 한 끼가 생각나는군."
"Odin_FirstVisit","OrderIntent","","2","Odin","숟가락으로 천천히 떠먹고 싶네. 마지막에는 담긴 그릇까지 부드럽게 뜯어 먹을 수 있다면 재미있겠어."
"Odin_FirstVisit","OrderIntent","","3","Player","말씀하신 모습과 느낌을 떠올리며 준비해 볼게요."
"Odin_FirstVisit","Question_Avoid","Avoid","1","Player","피하고 싶은 맛이나 느낌은요?"
"Odin_FirstVisit","Question_Avoid","Avoid","2","Odin","맛과 향이 너무 옅은 것은 아쉽네. 이에 질척하게 붙는 것도 피하고 싶군."
"Odin_FirstVisit","Question_Condition","Condition","1","Player","먹을 때 특히 신경 써 드릴 점이 있을까요?"
"Odin_FirstVisit","Question_Condition","Condition","2","Odin","부드럽게 넘어가면 좋겠네. 이에 오래 달라붙는 느낌은 피하고 싶군."
"Odin_FirstVisit","Question_Taste","Taste","1","Player","입에 넣었을 때 어떤 맛이 먼저 느껴지면 좋을까요?"
"Odin_FirstVisit","Question_Taste","Taste","2","Odin","감칠맛이 충분했으면 하네. 단맛이 앞서지는 않았으면 좋겠군."
"Odin_FirstVisit","Question_TextureTemp","TextureTemp","1","Player","온도나 씹는 느낌도 말씀해 주세요."
"Odin_FirstVisit","Question_TextureTemp","TextureTemp","2","Odin","식기 전에 따뜻하게 먹고 싶네. 부드럽고 촉촉하게 넘어가는 것을 좋아한다네."
"Odin_FirstVisit","Result_Correct","","1","Player","음식 나왔습니다."
"Odin_FirstVisit","Result_Correct","","2","Odin","음 충분히 맛있는 음식이였네"
"Odin_FirstVisit","Result_Correct","","3","Odin","다음에 또 오겠네"
"Odin_FirstVisit","Result_Correct","","4","Player","안녕히가세요!"
"Odin_FirstVisit","Result_Perfect","","1","Player","버섯 수프 빠네 나왔습니다!"
"Odin_FirstVisit","Result_Perfect","","2","Odin","오 이게 머시룸맨의 갓으로 만든 요리인가"
"Odin_FirstVisit","Result_Perfect","","3","Odin","갓을 그릇처럼 사용하고 마지막에 뜯어먹는 게 참신하군."
"Odin_FirstVisit","Result_Perfect","","4","Odin","주인장 너무 잘 먹었네"
"Odin_FirstVisit","Result_Perfect","","5","Player","맛있게 드셨다니 다행이네요"
"Odin_FirstVisit","Result_Perfect","","6","Odin","다음에 또 찾아오겠네"
"Odin_FirstVisit","Result_Perfect","","7","Player","안녕히가세요!"
"Odin_FirstVisit","Result_Similar","","1","Player","음식 나왔습니다."
"Odin_FirstVisit","Result_Similar","","2","Odin","흠.."
"Odin_FirstVisit","Result_Similar","","3","Odin","맛은 괜찮으나 뭔가 하나 부족한 느낌이군"
"Odin_FirstVisit","Result_Similar","","4","Player","아..."
"Odin_FirstVisit","Result_Similar","","5","Player","현재 가지고있는 재료에 맞춰 요리하다보니"
"Odin_FirstVisit","Result_Similar","","6","Player","예상과 조금 다른 결과가 나왔나보네요.."
"Odin_FirstVisit","Result_Similar","","7","Odin","맛이 없다는건 아니였다네 충분히 맛있는 식사였어"
"Odin_FirstVisit","Result_Similar","","8","Player","그렇다면 다행이네요"
"Odin_FirstVisit","Result_Similar","","9","Odin","이제 가봐야겠군"
"Odin_FirstVisit","Result_Similar","","10","Odin","다음에 생각나면 또 들리겠네"
"Odin_FirstVisit","Result_Similar","","11","Player","다음에 오시면 취향에 맞추어 완벽한 요리를 드리겠습니다."
"Odin_FirstVisit","Result_Similar","","12","Odin","허허 기대하겠네"
"Odin_FirstVisit","Result_Similar","","13","Player","안녕히가세요!"
"Odin_FirstVisit","Result_Wrong","","1","Player","음식 나왔습니다."
"Odin_FirstVisit","Result_Wrong","","2","Odin","어... "
"Odin_FirstVisit","Result_Wrong","","3","Player","뭔가 문제가 있을까요...?"
"Odin_FirstVisit","Result_Wrong","","4","Odin","아니라네 그저 내가 생각한거랑은 조금 달라서 그러네"
"Odin_FirstVisit","Result_Wrong","","5","Odin","확실히 특이한 음식이군"
"Odin_FirstVisit","Result_Wrong","","6","Player","아.. 죄송합니다."
"Odin_FirstVisit","Result_Wrong","","7","Odin","아니라네 "
"Odin_FirstVisit","Result_Wrong","","8","Odin","나를 위해 열심히 요리해준 주인장에게 누가 뭐라할 수 있겠는가 "
"Odin_FirstVisit","Result_Wrong","","9","Odin","오늘은 이만 가보겠네 다음에보세"
"Odin_FirstVisit","Result_Wrong","","10","Player","다음에는 더 맛있는 요리를 대접해 드리겠습니다."
"Odin_FirstVisit","Result_Wrong","","11","Player","또 오세요!"
"Odin_FirstVisit_SinceEvent","Intro","","1","Odin","안녕하신가 주인장"
"Odin_FirstVisit_SinceEvent","Intro","","2","Player","어? 오딘님 또 오셨네요"
"Odin_FirstVisit_SinceEvent","Intro","","3","Odin","지난번 주인장이 내어준 음식이 계속 생각나더군."
"Odin_FirstVisit_SinceEvent","Intro","","4","Odin","새로운 맛을 마주하는 즐거움을 다시 느껴보고 싶었네."
"Odin_FirstVisit_SinceEvent","Intro","","5","Player","입에 맞으셨다니 다행이에요."
"Odin_FirstVisit_SinceEvent","OrderIntent","","1","Odin","동굴의 흙내음이 은근히 밴 따뜻한 한 끼가 생각나는군."
"Odin_FirstVisit_SinceEvent","OrderIntent","","2","Odin","숟가락으로 천천히 떠먹고 싶네. 마지막에는 담긴 그릇까지 부드럽게 뜯어 먹을 수 있다면 재미있겠어."
"Odin_FirstVisit_SinceEvent","OrderIntent","","3","Player","말씀하신 모습과 느낌을 떠올리며 준비해 볼게요."
"Odin_FirstVisit_SinceEvent","Question_Avoid","Avoid","1","Player","피하고 싶은 맛이나 느낌은요?"
"Odin_FirstVisit_SinceEvent","Question_Avoid","Avoid","2","Odin","맛과 향이 너무 옅은 것은 아쉽네. 이에 질척하게 붙는 것도 피하고 싶군."
"Odin_FirstVisit_SinceEvent","Question_Taste","Taste","1","Player","입에 넣었을 때 어떤 맛이 먼저 느껴지면 좋을까요?"
"Odin_FirstVisit_SinceEvent","Question_Taste","Taste","2","Odin","감칠맛이 충분했으면 하네. 단맛이 앞서지는 않았으면 좋겠군."
"Odin_FirstVisit_SinceEvent","Question_TextureTemp","TextureTemp","1","Player","온도나 씹는 느낌도 말씀해 주세요."
"Odin_FirstVisit_SinceEvent","Question_TextureTemp","TextureTemp","2","Odin","식기 전에 따뜻하게 먹고 싶네. 부드럽고 촉촉하게 넘어가는 것을 좋아한다네."
"Odin_FirstVisit_SinceEvent","Result_Correct","","1","Player","음식 나왔습니다."
"Odin_FirstVisit_SinceEvent","Result_Correct","","2","Odin","좋군. 오늘 한 끼로 충분히 만족스럽네."
"Odin_FirstVisit_SinceEvent","Result_Correct","","3","Odin","완벽하진 않아도 오늘 주문에는 충분히 맞았네."
"Odin_FirstVisit_SinceEvent","Result_Correct","","4","Player","그렇게 말해주신다니 감사합니다."
"Odin_FirstVisit_SinceEvent","Result_Correct","","5","Player","다음에는 더 세심히 준비해볼게요."
"Odin_FirstVisit_SinceEvent","Result_Correct","","6","Odin","고맙네 주인장. 오늘도 잘 먹었네."
"Odin_FirstVisit_SinceEvent","Result_Correct","","7","Player","안녕히들어가세요!"
"Odin_FirstVisit_SinceEvent","Result_Perfect","","1","Player","버섯 수프 빠네 나왔습니다!"
"Odin_FirstVisit_SinceEvent","Result_Perfect","","2","Odin","이거라네. 지난번보다 버섯 향이 더 깊군."
"Odin_FirstVisit_SinceEvent","Result_Perfect","","3","Odin","갓의 촉촉한 식감과 따뜻한 수프가 아주 잘 어울리네."
"Odin_FirstVisit_SinceEvent","Result_Perfect","","4","Odin","농도도 과하게 끈적하지 않아 먹기 편하군."
"Odin_FirstVisit_SinceEvent","Result_Perfect","","5","Odin","오늘도 훌륭했네 주인장."
"Odin_FirstVisit_SinceEvent","Result_Perfect","","6","Player","맛있게 드셨다니 다행이네요."
"Odin_FirstVisit_SinceEvent","Result_Perfect","","7","Odin","다음에 다시 오겠네."
"Odin_FirstVisit_SinceEvent","Result_Perfect","","8","Player","안녕히가세요! 다음에 뵈어요."
"Odin_FirstVisit_SinceEvent","Result_Similar","","1","Player","음식 나왔습니다."
"Odin_FirstVisit_SinceEvent","Result_Similar","","2","Odin","내가 떠올린 빠네와는 조금 다르군."
"Odin_FirstVisit_SinceEvent","Result_Similar","","3","Odin","기대했던 느낌이 완전히 채워지지는 않았네."
"Odin_FirstVisit_SinceEvent","Result_Similar","","4","Odin","그래도 충분히 정성 있는 음식이었네."
"Odin_FirstVisit_SinceEvent","Result_Similar","","5","Player","다음번엔 더 취향에 맞춰보겠습니다."
"Odin_FirstVisit_SinceEvent","Result_Similar","","6","Odin","기대하겠네."
"Odin_FirstVisit_SinceEvent","Result_Wrong","","1","Player","음식 나왔습니다."
"Odin_FirstVisit_SinceEvent","Result_Wrong","","2","Odin","흠, 오늘은 버섯 수프 빠네를 기대했네."
"Odin_FirstVisit_SinceEvent","Result_Wrong","","3","Odin","오늘 주문과는 잘 맞지 않는 것 같네."
"Odin_FirstVisit_SinceEvent","Result_Wrong","","4","Odin","다음에는 내가 부탁한 쪽으로 다시 시도해주겠나?"
"Odin_FirstVisit_SinceEvent","Result_Wrong","","5","Player","죄송합니다. 다음에는 버섯 향과 농도를 더 신경쓸게요."
"Odin_FirstVisit_SinceEvent","Result_Wrong","","6","Odin","고맙네. 오늘은 이만 가보겠네."
"Odin_FirstVisit_SinceEvent","Result_Wrong","","7","Player","안녕히들어가세요!"
"Odin_Normal_DangoCraving","Intro","","1","Odin","주인장, 긴 회의 끝에는 작은 모험이 하나쯤 필요하지 않겠나?"
"Odin_Normal_DangoCraving","Intro","","2","Player","오늘은 어떤 모험을 찾아오셨어요?"
"Odin_Normal_DangoCraving","Intro","","3","Odin","손으로 집어 먹을 수 있는 달콤한 간식 말일세. 허허."
"Odin_Normal_DangoCraving","OrderIntent","","1","Odin","산책길에 손으로 집어 먹던 작고 동그란 간식이 생각나는군."
"Odin_Normal_DangoCraving","OrderIntent","","2","Odin","몇 알을 나란히 꿰어 놓았지. 달콤한 첫맛 뒤에 은근히 고소한 맛이 남았으면 하네."
"Odin_Normal_DangoCraving","OrderIntent","","3","Player","말씀하신 모습과 느낌을 떠올리며 준비해 볼게요."
"Odin_Normal_DangoCraving","Question_Taste","Taste","1","Player","입에 넣었을 때 어떤 맛이 먼저 느껴지면 좋을까요?"
"Odin_Normal_DangoCraving","Question_Taste","Taste","2","Odin","첫맛은 달콤하게, 뒤에는 고소한 여운이 남으면 좋겠네."
"Odin_Normal_DangoCraving","Question_TextureTemp","TextureTemp","1","Player","온도나 씹는 느낌도 말씀해 주세요."
"Odin_Normal_DangoCraving","Question_TextureTemp","TextureTemp","2","Odin","부담 없이 한입에 먹기 좋으면 되네. 너무 묵직하지만 않게 부탁하네."
"Odin_Normal_DangoCraving","Question_Condition","Condition","1","Player","먹을 때 특히 신경 써 드릴 점이 있을까요?"
"Odin_Normal_DangoCraving","Question_Condition","Condition","2","Odin","입안을 너무 무겁게 채우지만 않으면 되네."
"Odin_Normal_DangoCraving","Result_Correct","","1","Player","음식 나왔습니다."
"Odin_Normal_DangoCraving","Result_Correct","","2","Odin","좋군. 오늘 간식으로 기분 좋게 먹겠네."
"Odin_Normal_DangoCraving","Result_Correct","","3","Player","입맛에 맞으셨다니 다행이에요."
"Odin_Normal_DangoCraving","Result_Correct","","4","Odin","고맙네 주인장."
"Odin_Normal_DangoCraving","Result_Perfect","","1","Player","주문하신 슬라임 핵 당고입니다!"
"Odin_Normal_DangoCraving","Result_Perfect","","2","Odin","훌륭하군. 핵의 달콤함과 암염의 간이 서로를 잘 살려주네."
"Odin_Normal_DangoCraving","Result_Perfect","","3","Odin","작은 간식인데도 이야기거리가 남는군. 잘 먹었네, 주인장."
"Odin_Normal_DangoCraving","Result_Similar","","1","Player","음식 나왔습니다."
"Odin_Normal_DangoCraving","Result_Similar","","2","Odin","내가 떠올린 간식과는 조금 다르군."
"Odin_Normal_DangoCraving","Result_Similar","","3","Odin","그래도 다음 시도가 궁금해지는 맛이네."
"Odin_Normal_DangoCraving","Result_Wrong","","1","Player","음식 나왔습니다."
"Odin_Normal_DangoCraving","Result_Wrong","","2","Odin","흠, 오늘 기대한 간식과는 거리가 있군."
"Odin_Normal_DangoCraving","Result_Wrong","","3","Player","다음에는 말씀하신 단맛과 가벼운 느낌을 더 신경쓸게요."
"Odin_Normal_MushroomSoup","Intro","","1","Odin","오늘 동굴 쪽을 지나오니 버섯 향이 진하게 나더군."
"Odin_Normal_MushroomSoup","Intro","","2","Player","그럼 버섯 요리가 당기시나요?"
"Odin_Normal_MushroomSoup","Intro","","3","Odin","마침 그렇다네."
"Odin_Normal_MushroomSoup","OrderIntent","","1","Odin","동굴의 흙내음이 은근히 밴 따뜻한 한 끼가 생각나는군."
"Odin_Normal_MushroomSoup","OrderIntent","","2","Odin","숟가락으로 천천히 떠먹고 싶네. 마지막에는 담긴 그릇까지 부드럽게 뜯어 먹을 수 있다면 재미있겠어."
"Odin_Normal_MushroomSoup","OrderIntent","","3","Player","말씀하신 모습과 느낌을 떠올리며 준비해 볼게요."
"Odin_Normal_MushroomSoup","Question_Taste","Taste","1","Player","입에 넣었을 때 어떤 맛이 먼저 느껴지면 좋을까요?"
"Odin_Normal_MushroomSoup","Question_Taste","Taste","2","Odin","감칠맛이 충분했으면 하네. 단맛이 앞서지는 않았으면 좋겠군."
"Odin_Normal_MushroomSoup","Question_TextureTemp","TextureTemp","1","Player","온도나 씹는 느낌도 말씀해 주세요."
"Odin_Normal_MushroomSoup","Question_TextureTemp","TextureTemp","2","Odin","식기 전에 따뜻하게 먹고 싶네. 부드럽고 촉촉하게 넘어가는 것을 좋아한다네."
"Odin_Normal_MushroomSoup","Question_Condition","Condition","1","Player","먹을 때 특히 신경 써 드릴 점이 있을까요?"
"Odin_Normal_MushroomSoup","Question_Condition","Condition","2","Odin","부드럽게 넘어가면 좋겠네. 이에 오래 달라붙는 느낌은 피하고 싶군."
"Odin_Normal_MushroomSoup","Result_Correct","","1","Player","음식 나왔습니다."
"Odin_Normal_MushroomSoup","Result_Correct","","2","Odin","좋네. 오늘 한 끼로 든든하겠군."
"Odin_Normal_MushroomSoup","Result_Correct","","3","Odin","따뜻하게 대접해줘서 고맙네."
"Odin_Normal_MushroomSoup","Result_Perfect","","1","Player","주문하신 버섯 수프 빠네입니다!"
"Odin_Normal_MushroomSoup","Result_Perfect","","2","Odin","이거라네. 갓의 식감과 수프의 농도가 아주 잘 맞는군."
"Odin_Normal_MushroomSoup","Result_Perfect","","3","Odin","오늘도 훌륭했네 주인장."
"Odin_Normal_MushroomSoup","Result_Similar","","1","Player","음식 나왔습니다."
"Odin_Normal_MushroomSoup","Result_Similar","","2","Odin","내가 떠올린 버섯 수프 빠네와는 조금 다르군."
"Odin_Normal_MushroomSoup","Result_Similar","","3","Odin","그래도 나름의 맛이 있어 나쁘지 않았네."
"Odin_Normal_MushroomSoup","Result_Wrong","","1","Player","음식 나왔습니다."
"Odin_Normal_MushroomSoup","Result_Wrong","","2","Odin","흠 오늘은 따뜻한 버섯 수프 빠네가 먹고 싶었는데 말일세."
"Odin_Normal_MushroomSoup","Result_Wrong","","3","Player","죄송합니다. 다음엔 버섯 향과 온기를 더 신경쓸게요."
"Odin_Normal_WarmComfortSoup","Intro","","1","Odin","주인장, 화산 길을 지나왔더니 손끝까지 식어버렸네."
"Odin_Normal_WarmComfortSoup","Intro","","2","Player","불가에서 바로 나온 것 같은 음식을 찾으세요?"
"Odin_Normal_WarmComfortSoup","Intro","","3","Odin","그 표현이 마음에 드는군. 다만 혀를 태우지는 않게 해주게."
"Odin_Normal_WarmComfortSoup","OrderIntent","","1","Odin","긴 이야기를 나누며 조금씩 찍어 먹던 식사가 그립군."
"Odin_Normal_WarmComfortSoup","OrderIntent","","2","Odin","노란 알갱이가 고소하게 씹히고, 따뜻할 때 부드럽게 늘어나는 것이었네. 달기보다는 깊은 맛이면 좋겠어."
"Odin_Normal_WarmComfortSoup","OrderIntent","","3","Player","말씀하신 모습과 느낌을 떠올리며 준비해 볼게요."
"Odin_Normal_WarmComfortSoup","Question_Taste","Taste","1","Player","입에 넣었을 때 어떤 맛이 먼저 느껴지면 좋을까요?"
"Odin_Normal_WarmComfortSoup","Question_Taste","Taste","2","Odin","감칠맛이 충분했으면 하네. 단맛이 앞서지는 않았으면 좋겠군."
"Odin_Normal_WarmComfortSoup","Question_TextureTemp","TextureTemp","1","Player","온도나 씹는 느낌도 말씀해 주세요."
"Odin_Normal_WarmComfortSoup","Question_TextureTemp","TextureTemp","2","Odin","식기 전에 따뜻하게 먹고 싶네. 부드럽고 촉촉하게 넘어가는 것을 좋아한다네."
"Odin_Normal_WarmComfortSoup","Question_Avoid","Avoid","1","Player","피하고 싶은 맛이나 느낌은요?"
"Odin_Normal_WarmComfortSoup","Question_Avoid","Avoid","2","Odin","맛과 향이 너무 옅은 것은 아쉽네. 이에 질척하게 붙는 것도 피하고 싶군."
"Odin_Normal_WarmComfortSoup","Result_Correct","","1","Player","음식 나왔습니다."
"Odin_Normal_WarmComfortSoup","Result_Correct","","2","Odin","좋군. 오늘 주문에 잘 맞네."
"Odin_Normal_WarmComfortSoup","Result_Correct","","3","Odin","잘 먹겠네, 주인장."
"Odin_Normal_WarmComfortSoup","Result_Perfect","","1","Player","주문하신 콘치즈 퐁듀입니다!"
"Odin_Normal_WarmComfortSoup","Result_Perfect","","2","Odin","바로 이 맛일세. 녹은 콘치즈와 버섯 조각의 궁합이 근사하군."
"Odin_Normal_WarmComfortSoup","Result_Perfect","","3","Odin","화산 길의 찬 기운도 이 한 그릇이면 잊겠네."
"Odin_Normal_WarmComfortSoup","Result_Similar","","1","Player","음식 나왔습니다."
"Odin_Normal_WarmComfortSoup","Result_Similar","","2","Odin","내가 떠올린 한 그릇과는 조금 다르군."
"Odin_Normal_WarmComfortSoup","Result_Similar","","3","Odin","그래도 정성은 느껴졌네."
"Odin_Normal_WarmComfortSoup","Result_Wrong","","1","Player","음식 나왔습니다."
"Odin_Normal_WarmComfortSoup","Result_Wrong","","2","Odin","흠, 오늘 찾던 온기와는 조금 거리가 있군."
"Odin_Normal_WarmComfortSoup","Result_Wrong","","3","Player","다음에는 따뜻함과 부드러운 식감을 더 신경쓰겠습니다."
"Nari_FirstVisit","Intro","","1","Nari","주인장, 첫 원정을 앞두고 가볍게 먹을 간식을 찾는다."
"Nari_FirstVisit","Intro","","2","Player","나리님, 오늘 주문도 정성껏 준비할게요."
"Nari_FirstVisit","OrderIntent","","1","Nari","작고 동글동글해서 손으로 집기 편한 간식이 당겨요."
"Nari_FirstVisit","OrderIntent","","2","Nari","나란히 꿰어 들고 걷고 싶어요. 달콤하면서도 한입 뒤에는 은근히 고소한 맛이 남는 걸로요."
"Nari_FirstVisit","OrderIntent","","3","Player","말씀하신 모습과 느낌을 떠올리며 준비해 볼게요."
"Nari_FirstVisit","Question_Taste","Taste","1","Player","입에 넣었을 때 어떤 맛이 먼저 느껴지면 좋을까요?"
"Nari_FirstVisit","Question_Taste","Taste","2","Nari","첫맛은 달콤하게, 뒤에는 고소한 맛이 살짝 남으면 좋겠어요."
"Nari_FirstVisit","Question_TextureTemp","TextureTemp","1","Player","온도나 씹는 느낌도 말씀해 주세요."
"Nari_FirstVisit","Question_TextureTemp","TextureTemp","2","Nari","한입에 먹기 편하고 부담 없이 가벼우면 좋겠어요."
"Nari_FirstVisit","Question_Condition","Condition","1","Player","먹을 때 특히 신경 써 드릴 점이 있을까요?"
"Nari_FirstVisit","Question_Condition","Condition","2","Nari","먹고 나서 입안이 너무 무겁지 않았으면 해요."
"Nari_FirstVisit","Question_Avoid","Avoid","1","Player","피하고 싶은 맛이나 느낌은요?"
"Nari_FirstVisit","Question_Avoid","Avoid","2","Nari","아무 맛도 남지 않는 밋밋한 건 조금 아쉬워요."
"Nari_FirstVisit","Result_Perfect","","1","Player","주문하신 슬라임 핵 당고입니다."
"Nari_FirstVisit","Result_Perfect","","2","Nari","딱 바라던 한 끼예요. 다음 길도 힘내서 갈 수 있겠네요."
"Nari_FirstVisit","Result_Correct","","1","Player","음식 나왔습니다."
"Nari_FirstVisit","Result_Correct","","2","Nari","좋아요. 오늘 주문에 잘 맞는 한 끼예요."
"Nari_FirstVisit","Result_Similar","","1","Player","음식 나왔습니다."
"Nari_FirstVisit","Result_Similar","","2","Nari","생각한 것과는 조금 다르지만, 다음에는 또 다른 맛을 기대해볼게요."
"Nari_FirstVisit","Result_Wrong","","1","Player","음식 나왔습니다."
"Nari_FirstVisit","Result_Wrong","","2","Nari","오늘 찾던 주문과는 달랐어요. 다음에 다시 부탁드릴게요."
"Nari_Normal_slime_nucleus_dango","Intro","","1","Nari","주인장, 지도에 표시할 길을 나서기 전 간단한 간식을 주문한다."
"Nari_Normal_slime_nucleus_dango","Intro","","2","Player","나리님, 오늘 주문도 정성껏 준비할게요."
"Nari_Normal_slime_nucleus_dango","OrderIntent","","1","Nari","작고 동글동글해서 손으로 집기 편한 간식이 당겨요."
"Nari_Normal_slime_nucleus_dango","OrderIntent","","2","Nari","나란히 꿰어 들고 걷고 싶어요. 달콤하면서도 한입 뒤에는 은근히 고소한 맛이 남는 걸로요."
"Nari_Normal_slime_nucleus_dango","OrderIntent","","3","Player","말씀하신 모습과 느낌을 떠올리며 준비해 볼게요."
"Nari_Normal_slime_nucleus_dango","Question_Taste","Taste","1","Player","입에 넣었을 때 어떤 맛이 먼저 느껴지면 좋을까요?"
"Nari_Normal_slime_nucleus_dango","Question_Taste","Taste","2","Nari","첫맛은 달콤하게, 뒤에는 고소한 맛이 살짝 남으면 좋겠어요."
"Nari_Normal_slime_nucleus_dango","Question_TextureTemp","TextureTemp","1","Player","온도나 씹는 느낌도 말씀해 주세요."
"Nari_Normal_slime_nucleus_dango","Question_TextureTemp","TextureTemp","2","Nari","한입에 먹기 편하고 부담 없이 가벼우면 좋겠어요."
"Nari_Normal_slime_nucleus_dango","Question_Condition","Condition","1","Player","먹을 때 특히 신경 써 드릴 점이 있을까요?"
"Nari_Normal_slime_nucleus_dango","Question_Condition","Condition","2","Nari","먹고 나서 입안이 너무 무겁지 않았으면 해요."
"Nari_Normal_slime_nucleus_dango","Question_Avoid","Avoid","1","Player","피하고 싶은 맛이나 느낌은요?"
"Nari_Normal_slime_nucleus_dango","Question_Avoid","Avoid","2","Nari","아무 맛도 남지 않는 밋밋한 건 조금 아쉬워요."
"Nari_Normal_slime_nucleus_dango","Result_Perfect","","1","Player","주문하신 슬라임 핵 당고입니다."
"Nari_Normal_slime_nucleus_dango","Result_Perfect","","2","Nari","딱 바라던 한 끼예요. 다음 길도 힘내서 갈 수 있겠네요."
"Nari_Normal_slime_nucleus_dango","Result_Correct","","1","Player","음식 나왔습니다."
"Nari_Normal_slime_nucleus_dango","Result_Correct","","2","Nari","좋아요. 오늘 주문에 잘 맞는 한 끼예요."
"Nari_Normal_slime_nucleus_dango","Result_Similar","","1","Player","음식 나왔습니다."
"Nari_Normal_slime_nucleus_dango","Result_Similar","","2","Nari","생각한 것과는 조금 다르지만, 다음에는 또 다른 맛을 기대해볼게요."
"Nari_Normal_slime_nucleus_dango","Result_Wrong","","1","Player","음식 나왔습니다."
"Nari_Normal_slime_nucleus_dango","Result_Wrong","","2","Nari","오늘 찾던 주문과는 달랐어요. 다음에 다시 부탁드릴게요."
"Nari_Normal_mushroom_soup_pane","Intro","","1","Nari","주인장, 연습을 마치고 돌아와 따뜻한 수프를 찾는다."
"Nari_Normal_mushroom_soup_pane","Intro","","2","Player","나리님, 오늘 주문도 정성껏 준비할게요."
"Nari_Normal_mushroom_soup_pane","OrderIntent","","1","Nari","손이 좀 시리네요. 김이 오르는 걸 두 손으로 감싸고 싶어요."
"Nari_Normal_mushroom_soup_pane","OrderIntent","","2","Nari","숟가락으로 떠먹다가 가장자리도 조금씩 뜯어 먹는 재미가 있으면 좋겠어요. 숲의 향도 은근하게요."
"Nari_Normal_mushroom_soup_pane","OrderIntent","","3","Player","말씀하신 모습과 느낌을 떠올리며 준비해 볼게요."
"Nari_Normal_mushroom_soup_pane","Question_Taste","Taste","1","Player","입에 넣었을 때 어떤 맛이 먼저 느껴지면 좋을까요?"
"Nari_Normal_mushroom_soup_pane","Question_Taste","Taste","2","Nari","감칠맛과 고소한 풍미가 충분했으면 해요. 단맛이 앞서지는 않게요."
"Nari_Normal_mushroom_soup_pane","Question_TextureTemp","TextureTemp","1","Player","온도나 씹는 느낌도 말씀해 주세요."
"Nari_Normal_mushroom_soup_pane","Question_TextureTemp","TextureTemp","2","Nari","따뜻할 때 먹고 싶어요. 부드럽고 촉촉하게 넘어가면 더 좋아요."
"Nari_Normal_mushroom_soup_pane","Question_Condition","Condition","1","Player","먹을 때 특히 신경 써 드릴 점이 있을까요?"
"Nari_Normal_mushroom_soup_pane","Question_Condition","Condition","2","Nari","부드럽게 넘어가도록 부탁해요. 이에 오래 달라붙는 느낌은 피하고 싶어요."
"Nari_Normal_mushroom_soup_pane","Question_Avoid","Avoid","1","Player","피하고 싶은 맛이나 느낌은요?"
"Nari_Normal_mushroom_soup_pane","Question_Avoid","Avoid","2","Nari","맛과 향이 너무 옅거나 이에 질척하게 달라붙지는 않았으면 좋겠어요."
"Nari_Normal_mushroom_soup_pane","Result_Perfect","","1","Player","주문하신 버섯 수프 빠네입니다."
"Nari_Normal_mushroom_soup_pane","Result_Perfect","","2","Nari","딱 바라던 한 끼예요. 다음 길도 힘내서 갈 수 있겠네요."
"Nari_Normal_mushroom_soup_pane","Result_Correct","","1","Player","음식 나왔습니다."
"Nari_Normal_mushroom_soup_pane","Result_Correct","","2","Nari","좋아요. 오늘 주문에 잘 맞는 한 끼예요."
"Nari_Normal_mushroom_soup_pane","Result_Similar","","1","Player","음식 나왔습니다."
"Nari_Normal_mushroom_soup_pane","Result_Similar","","2","Nari","생각한 것과는 조금 다르지만, 다음에는 또 다른 맛을 기대해볼게요."
"Nari_Normal_mushroom_soup_pane","Result_Wrong","","1","Player","음식 나왔습니다."
"Nari_Normal_mushroom_soup_pane","Result_Wrong","","2","Nari","오늘 찾던 주문과는 달랐어요. 다음에 다시 부탁드릴게요."
"Nari_Memory_Reunion","Intro","","1","Nari","주인장, 여러 번 들른 뒤, 오늘의 지도를 펼치며 퐁듀를 주문한다."
"Nari_Memory_Reunion","Intro","","2","Player","나리님, 오늘 주문도 정성껏 준비할게요."
"Nari_Memory_Reunion","OrderIntent","","1","Nari","오늘은 한입씩 푹 찍어 먹으면서 쉬고 싶어요."
"Nari_Memory_Reunion","OrderIntent","","2","Nari","따뜻하고 고소한 것 속에 노란 알갱이가 톡톡 씹히면 좋겠어요. 들었을 때 부드럽게 따라오는 느낌도요."
"Nari_Memory_Reunion","OrderIntent","","3","Player","말씀하신 모습과 느낌을 떠올리며 준비해 볼게요."
"Nari_Memory_Reunion","Question_Taste","Taste","1","Player","입에 넣었을 때 어떤 맛이 먼저 느껴지면 좋을까요?"
"Nari_Memory_Reunion","Question_Taste","Taste","2","Nari","감칠맛과 고소한 풍미가 충분했으면 해요. 단맛이 앞서지는 않게요."
"Nari_Memory_Reunion","Question_TextureTemp","TextureTemp","1","Player","온도나 씹는 느낌도 말씀해 주세요."
"Nari_Memory_Reunion","Question_TextureTemp","TextureTemp","2","Nari","따뜻할 때 먹고 싶어요. 부드럽고 촉촉하게 넘어가면 더 좋아요."
"Nari_Memory_Reunion","Question_Condition","Condition","1","Player","먹을 때 특히 신경 써 드릴 점이 있을까요?"
"Nari_Memory_Reunion","Question_Condition","Condition","2","Nari","부드럽게 넘어가도록 부탁해요. 이에 오래 달라붙는 느낌은 피하고 싶어요."
"Nari_Memory_Reunion","Question_Avoid","Avoid","1","Player","피하고 싶은 맛이나 느낌은요?"
"Nari_Memory_Reunion","Question_Avoid","Avoid","2","Nari","맛과 향이 너무 옅거나 이에 질척하게 달라붙지는 않았으면 좋겠어요."
"Nari_Memory_Reunion","Result_Perfect","","1","Player","주문하신 콘치즈 퐁듀입니다."
"Nari_Memory_Reunion","Result_Perfect","","2","Nari","딱 바라던 한 끼예요. 다음 길도 힘내서 갈 수 있겠네요."
"Nari_Memory_Reunion","Result_Correct","","1","Player","음식 나왔습니다."
"Nari_Memory_Reunion","Result_Correct","","2","Nari","좋아요. 오늘 주문에 잘 맞는 한 끼예요."
"Nari_Memory_Reunion","Result_Similar","","1","Player","음식 나왔습니다."
"Nari_Memory_Reunion","Result_Similar","","2","Nari","생각한 것과는 조금 다르지만, 다음에는 또 다른 맛을 기대해볼게요."
"Nari_Memory_Reunion","Result_Wrong","","1","Player","음식 나왔습니다."
"Nari_Memory_Reunion","Result_Wrong","","2","Nari","오늘 찾던 주문과는 달랐어요. 다음에 다시 부탁드릴게요."
"Boram_FirstVisit","Intro","","1","Boram","주인장, 채집한 버섯 조각을 보며 녹인 치즈 요리를 궁금해한다."
"Boram_FirstVisit","Intro","","2","Player","보람님, 오늘 주문도 정성껏 준비할게요."
"Boram_FirstVisit","OrderIntent","","1","Boram","한입거리를 따뜻한 것에 푹 담갔다 먹는 게 생각났어요."
"Boram_FirstVisit","OrderIntent","","2","Boram","노란 알갱이가 씹히는 고소한 맛이요. 들어 올리면 부드럽게 늘어나는 모습도 보고 싶네요."
"Boram_FirstVisit","OrderIntent","","3","Player","말씀하신 모습과 느낌을 떠올리며 준비해 볼게요."
"Boram_FirstVisit","Question_Taste","Taste","1","Player","입에 넣었을 때 어떤 맛이 먼저 느껴지면 좋을까요?"
"Boram_FirstVisit","Question_Taste","Taste","2","Boram","감칠맛과 고소한 풍미가 충분했으면 해요. 단맛이 앞서지는 않게요."
"Boram_FirstVisit","Question_TextureTemp","TextureTemp","1","Player","온도나 씹는 느낌도 말씀해 주세요."
"Boram_FirstVisit","Question_TextureTemp","TextureTemp","2","Boram","따뜻할 때 먹고 싶어요. 부드럽고 촉촉하게 넘어가면 더 좋아요."
"Boram_FirstVisit","Question_Condition","Condition","1","Player","먹을 때 특히 신경 써 드릴 점이 있을까요?"
"Boram_FirstVisit","Question_Condition","Condition","2","Boram","부드럽게 넘어가도록 부탁해요. 이에 오래 달라붙는 느낌은 피하고 싶어요."
"Boram_FirstVisit","Question_Avoid","Avoid","1","Player","피하고 싶은 맛이나 느낌은요?"
"Boram_FirstVisit","Question_Avoid","Avoid","2","Boram","맛과 향이 너무 옅거나 이에 질척하게 달라붙지는 않았으면 좋겠어요."
"Boram_FirstVisit","Result_Perfect","","1","Player","주문하신 콘치즈 퐁듀입니다."
"Boram_FirstVisit","Result_Perfect","","2","Boram","딱 바라던 한 끼예요. 다음 길도 힘내서 갈 수 있겠네요."
"Boram_FirstVisit","Result_Correct","","1","Player","음식 나왔습니다."
"Boram_FirstVisit","Result_Correct","","2","Boram","좋아요. 오늘 주문에 잘 맞는 한 끼예요."
"Boram_FirstVisit","Result_Similar","","1","Player","음식 나왔습니다."
"Boram_FirstVisit","Result_Similar","","2","Boram","생각한 것과는 조금 다르지만, 다음에는 또 다른 맛을 기대해볼게요."
"Boram_FirstVisit","Result_Wrong","","1","Player","음식 나왔습니다."
"Boram_FirstVisit","Result_Wrong","","2","Boram","오늘 찾던 주문과는 달랐어요. 다음에 다시 부탁드릴게요."
"Boram_Normal_corn_cheese_fondue","Intro","","1","Boram","주인장, 새로 찾은 콘치즈의 모양을 떠올리며 퐁듀를 주문한다."
"Boram_Normal_corn_cheese_fondue","Intro","","2","Player","보람님, 오늘 주문도 정성껏 준비할게요."
"Boram_Normal_corn_cheese_fondue","OrderIntent","","1","Boram","한입거리를 따뜻한 것에 푹 담갔다 먹는 게 생각났어요."
"Boram_Normal_corn_cheese_fondue","OrderIntent","","2","Boram","노란 알갱이가 씹히는 고소한 맛이요. 들어 올리면 부드럽게 늘어나는 모습도 보고 싶네요."
"Boram_Normal_corn_cheese_fondue","OrderIntent","","3","Player","말씀하신 모습과 느낌을 떠올리며 준비해 볼게요."
"Boram_Normal_corn_cheese_fondue","Question_Taste","Taste","1","Player","입에 넣었을 때 어떤 맛이 먼저 느껴지면 좋을까요?"
"Boram_Normal_corn_cheese_fondue","Question_Taste","Taste","2","Boram","감칠맛과 고소한 풍미가 충분했으면 해요. 단맛이 앞서지는 않게요."
"Boram_Normal_corn_cheese_fondue","Question_TextureTemp","TextureTemp","1","Player","온도나 씹는 느낌도 말씀해 주세요."
"Boram_Normal_corn_cheese_fondue","Question_TextureTemp","TextureTemp","2","Boram","따뜻할 때 먹고 싶어요. 부드럽고 촉촉하게 넘어가면 더 좋아요."
"Boram_Normal_corn_cheese_fondue","Question_Condition","Condition","1","Player","먹을 때 특히 신경 써 드릴 점이 있을까요?"
"Boram_Normal_corn_cheese_fondue","Question_Condition","Condition","2","Boram","부드럽게 넘어가도록 부탁해요. 이에 오래 달라붙는 느낌은 피하고 싶어요."
"Boram_Normal_corn_cheese_fondue","Question_Avoid","Avoid","1","Player","피하고 싶은 맛이나 느낌은요?"
"Boram_Normal_corn_cheese_fondue","Question_Avoid","Avoid","2","Boram","맛과 향이 너무 옅거나 이에 질척하게 달라붙지는 않았으면 좋겠어요."
"Boram_Normal_corn_cheese_fondue","Result_Perfect","","1","Player","주문하신 콘치즈 퐁듀입니다."
"Boram_Normal_corn_cheese_fondue","Result_Perfect","","2","Boram","딱 바라던 한 끼예요. 다음 길도 힘내서 갈 수 있겠네요."
"Boram_Normal_corn_cheese_fondue","Result_Correct","","1","Player","음식 나왔습니다."
"Boram_Normal_corn_cheese_fondue","Result_Correct","","2","Boram","좋아요. 오늘 주문에 잘 맞는 한 끼예요."
"Boram_Normal_corn_cheese_fondue","Result_Similar","","1","Player","음식 나왔습니다."
"Boram_Normal_corn_cheese_fondue","Result_Similar","","2","Boram","생각한 것과는 조금 다르지만, 다음에는 또 다른 맛을 기대해볼게요."
"Boram_Normal_corn_cheese_fondue","Result_Wrong","","1","Player","음식 나왔습니다."
"Boram_Normal_corn_cheese_fondue","Result_Wrong","","2","Boram","오늘 찾던 주문과는 달랐어요. 다음에 다시 부탁드릴게요."
"Boram_Normal_slime_nucleus_dango","Intro","","1","Boram","주인장, 핵과 점액이 간식에서 어떻게 어울리는지 확인하려 당고를 주문한다."
"Boram_Normal_slime_nucleus_dango","Intro","","2","Player","보람님, 오늘 주문도 정성껏 준비할게요."
"Boram_Normal_slime_nucleus_dango","OrderIntent","","1","Boram","오늘은 들고 다니며 먹을 만한 걸 부탁드릴게요."
"Boram_Normal_slime_nucleus_dango","OrderIntent","","2","Boram","작은 구슬 몇 알을 나란히 꿴 모양이면 좋겠어요. 달콤하고 가볍게, 뒤에는 고소한 맛이 살짝 남도록요."
"Boram_Normal_slime_nucleus_dango","OrderIntent","","3","Player","말씀하신 모습과 느낌을 떠올리며 준비해 볼게요."
"Boram_Normal_slime_nucleus_dango","Question_Taste","Taste","1","Player","입에 넣었을 때 어떤 맛이 먼저 느껴지면 좋을까요?"
"Boram_Normal_slime_nucleus_dango","Question_Taste","Taste","2","Boram","첫맛은 달콤하게, 뒤에는 고소한 맛이 살짝 남으면 좋겠어요."
"Boram_Normal_slime_nucleus_dango","Question_TextureTemp","TextureTemp","1","Player","온도나 씹는 느낌도 말씀해 주세요."
"Boram_Normal_slime_nucleus_dango","Question_TextureTemp","TextureTemp","2","Boram","한입에 먹기 편하고 부담 없이 가벼우면 좋겠어요."
"Boram_Normal_slime_nucleus_dango","Question_Condition","Condition","1","Player","먹을 때 특히 신경 써 드릴 점이 있을까요?"
"Boram_Normal_slime_nucleus_dango","Question_Condition","Condition","2","Boram","먹고 나서 입안이 너무 무겁지 않았으면 해요."
"Boram_Normal_slime_nucleus_dango","Question_Avoid","Avoid","1","Player","피하고 싶은 맛이나 느낌은요?"
"Boram_Normal_slime_nucleus_dango","Question_Avoid","Avoid","2","Boram","아무 맛도 남지 않는 밋밋한 건 조금 아쉬워요."
"Boram_Normal_slime_nucleus_dango","Result_Perfect","","1","Player","주문하신 슬라임 핵 당고입니다."
"Boram_Normal_slime_nucleus_dango","Result_Perfect","","2","Boram","딱 바라던 한 끼예요. 다음 길도 힘내서 갈 수 있겠네요."
"Boram_Normal_slime_nucleus_dango","Result_Correct","","1","Player","음식 나왔습니다."
"Boram_Normal_slime_nucleus_dango","Result_Correct","","2","Boram","좋아요. 오늘 주문에 잘 맞는 한 끼예요."
"Boram_Normal_slime_nucleus_dango","Result_Similar","","1","Player","음식 나왔습니다."
"Boram_Normal_slime_nucleus_dango","Result_Similar","","2","Boram","생각한 것과는 조금 다르지만, 다음에는 또 다른 맛을 기대해볼게요."
"Boram_Normal_slime_nucleus_dango","Result_Wrong","","1","Player","음식 나왔습니다."
"Boram_Normal_slime_nucleus_dango","Result_Wrong","","2","Boram","오늘 찾던 주문과는 달랐어요. 다음에 다시 부탁드릴게요."
"Boram_Memory_Reunion","Intro","","1","Boram","주인장, 채집 일지를 정리하며 지난번 음식로 쉬어 간다."
"Boram_Memory_Reunion","Intro","","2","Player","보람님, 오늘 주문도 정성껏 준비할게요."
"Boram_Memory_Reunion","OrderIntent","","1","Boram","속부터 따뜻해지는 한 그릇이 필요해요. 숟가락을 들고 느긋하게 먹고 싶거든요."
"Boram_Memory_Reunion","OrderIntent","","2","Boram","버섯 숲 같은 향이 나고, 다 먹은 뒤에는 가장자리까지 뜯어 먹을 수 있으면 딱 좋겠어요."
"Boram_Memory_Reunion","OrderIntent","","3","Player","말씀하신 모습과 느낌을 떠올리며 준비해 볼게요."
"Boram_Memory_Reunion","Question_Taste","Taste","1","Player","입에 넣었을 때 어떤 맛이 먼저 느껴지면 좋을까요?"
"Boram_Memory_Reunion","Question_Taste","Taste","2","Boram","감칠맛과 고소한 풍미가 충분했으면 해요. 단맛이 앞서지는 않게요."
"Boram_Memory_Reunion","Question_TextureTemp","TextureTemp","1","Player","온도나 씹는 느낌도 말씀해 주세요."
"Boram_Memory_Reunion","Question_TextureTemp","TextureTemp","2","Boram","따뜻할 때 먹고 싶어요. 부드럽고 촉촉하게 넘어가면 더 좋아요."
"Boram_Memory_Reunion","Question_Condition","Condition","1","Player","먹을 때 특히 신경 써 드릴 점이 있을까요?"
"Boram_Memory_Reunion","Question_Condition","Condition","2","Boram","부드럽게 넘어가도록 부탁해요. 이에 오래 달라붙는 느낌은 피하고 싶어요."
"Boram_Memory_Reunion","Question_Avoid","Avoid","1","Player","피하고 싶은 맛이나 느낌은요?"
"Boram_Memory_Reunion","Question_Avoid","Avoid","2","Boram","맛과 향이 너무 옅거나 이에 질척하게 달라붙지는 않았으면 좋겠어요."
"Boram_Memory_Reunion","Result_Perfect","","1","Player","주문하신 버섯 수프 빠네입니다."
"Boram_Memory_Reunion","Result_Perfect","","2","Boram","딱 바라던 한 끼예요. 다음 길도 힘내서 갈 수 있겠네요."
"Boram_Memory_Reunion","Result_Correct","","1","Player","음식 나왔습니다."
"Boram_Memory_Reunion","Result_Correct","","2","Boram","좋아요. 오늘 주문에 잘 맞는 한 끼예요."
"Boram_Memory_Reunion","Result_Similar","","1","Player","음식 나왔습니다."
"Boram_Memory_Reunion","Result_Similar","","2","Boram","생각한 것과는 조금 다르지만, 다음에는 또 다른 맛을 기대해볼게요."
"Boram_Memory_Reunion","Result_Wrong","","1","Player","음식 나왔습니다."
"Boram_Memory_Reunion","Result_Wrong","","2","Boram","오늘 찾던 주문과는 달랐어요. 다음에 다시 부탁드릴게요."
"Rook_FirstVisit","Intro","","1","Rook","주인장, 정찰을 마치고 따뜻한 수프로 속을 달래려 한다."
"Rook_FirstVisit","Intro","","2","Player","룩님, 오늘 주문도 정성껏 준비할게요."
"Rook_FirstVisit","OrderIntent","","1","Rook","김을 불어 가며 숟가락으로 먹을 수 있는 것이 좋겠어요."
"Rook_FirstVisit","OrderIntent","","2","Rook","부드러운 속을 비우고 나면 바깥도 조금씩 뜯어 먹을 수 있으면 해요. 숲에서 맡던 향이 은근하게 나고요."
"Rook_FirstVisit","OrderIntent","","3","Player","말씀하신 모습과 느낌을 떠올리며 준비해 볼게요."
"Rook_FirstVisit","Question_Taste","Taste","1","Player","입에 넣었을 때 어떤 맛이 먼저 느껴지면 좋을까요?"
"Rook_FirstVisit","Question_Taste","Taste","2","Rook","감칠맛과 고소한 풍미가 충분했으면 해요. 단맛이 앞서지는 않게요."
"Rook_FirstVisit","Question_TextureTemp","TextureTemp","1","Player","온도나 씹는 느낌도 말씀해 주세요."
"Rook_FirstVisit","Question_TextureTemp","TextureTemp","2","Rook","따뜻할 때 먹고 싶어요. 부드럽고 촉촉하게 넘어가면 더 좋아요."
"Rook_FirstVisit","Question_Condition","Condition","1","Player","먹을 때 특히 신경 써 드릴 점이 있을까요?"
"Rook_FirstVisit","Question_Condition","Condition","2","Rook","부드럽게 넘어가도록 부탁해요. 이에 오래 달라붙는 느낌은 피하고 싶어요."
"Rook_FirstVisit","Question_Avoid","Avoid","1","Player","피하고 싶은 맛이나 느낌은요?"
"Rook_FirstVisit","Question_Avoid","Avoid","2","Rook","맛과 향이 너무 옅거나 이에 질척하게 달라붙지는 않았으면 좋겠어요."
"Rook_FirstVisit","Result_Perfect","","1","Player","주문하신 버섯 수프 빠네입니다."
"Rook_FirstVisit","Result_Perfect","","2","Rook","딱 바라던 한 끼예요. 다음 길도 힘내서 갈 수 있겠네요."
"Rook_FirstVisit","Result_Correct","","1","Player","음식 나왔습니다."
"Rook_FirstVisit","Result_Correct","","2","Rook","좋아요. 오늘 주문에 잘 맞는 한 끼예요."
"Rook_FirstVisit","Result_Similar","","1","Player","음식 나왔습니다."
"Rook_FirstVisit","Result_Similar","","2","Rook","생각한 것과는 조금 다르지만, 다음에는 또 다른 맛을 기대해볼게요."
"Rook_FirstVisit","Result_Wrong","","1","Player","음식 나왔습니다."
"Rook_FirstVisit","Result_Wrong","","2","Rook","오늘 찾던 주문과는 달랐어요. 다음에 다시 부탁드릴게요."
"Rook_Normal_mushroom_soup_pane","Intro","","1","Rook","주인장, 다음 경로를 확인하기 전 빠네로 든든히 먹으려 한다."
"Rook_Normal_mushroom_soup_pane","Intro","","2","Player","룩님, 오늘 주문도 정성껏 준비할게요."
"Rook_Normal_mushroom_soup_pane","OrderIntent","","1","Rook","김을 불어 가며 숟가락으로 먹을 수 있는 것이 좋겠어요."
"Rook_Normal_mushroom_soup_pane","OrderIntent","","2","Rook","부드러운 속을 비우고 나면 바깥도 조금씩 뜯어 먹을 수 있으면 해요. 숲에서 맡던 향이 은근하게 나고요."
"Rook_Normal_mushroom_soup_pane","OrderIntent","","3","Player","말씀하신 모습과 느낌을 떠올리며 준비해 볼게요."
"Rook_Normal_mushroom_soup_pane","Question_Taste","Taste","1","Player","입에 넣었을 때 어떤 맛이 먼저 느껴지면 좋을까요?"
"Rook_Normal_mushroom_soup_pane","Question_Taste","Taste","2","Rook","감칠맛과 고소한 풍미가 충분했으면 해요. 단맛이 앞서지는 않게요."
"Rook_Normal_mushroom_soup_pane","Question_TextureTemp","TextureTemp","1","Player","온도나 씹는 느낌도 말씀해 주세요."
"Rook_Normal_mushroom_soup_pane","Question_TextureTemp","TextureTemp","2","Rook","따뜻할 때 먹고 싶어요. 부드럽고 촉촉하게 넘어가면 더 좋아요."
"Rook_Normal_mushroom_soup_pane","Question_Condition","Condition","1","Player","먹을 때 특히 신경 써 드릴 점이 있을까요?"
"Rook_Normal_mushroom_soup_pane","Question_Condition","Condition","2","Rook","부드럽게 넘어가도록 부탁해요. 이에 오래 달라붙는 느낌은 피하고 싶어요."
"Rook_Normal_mushroom_soup_pane","Question_Avoid","Avoid","1","Player","피하고 싶은 맛이나 느낌은요?"
"Rook_Normal_mushroom_soup_pane","Question_Avoid","Avoid","2","Rook","맛과 향이 너무 옅거나 이에 질척하게 달라붙지는 않았으면 좋겠어요."
"Rook_Normal_mushroom_soup_pane","Result_Perfect","","1","Player","주문하신 버섯 수프 빠네입니다."
"Rook_Normal_mushroom_soup_pane","Result_Perfect","","2","Rook","딱 바라던 한 끼예요. 다음 길도 힘내서 갈 수 있겠네요."
"Rook_Normal_mushroom_soup_pane","Result_Correct","","1","Player","음식 나왔습니다."
"Rook_Normal_mushroom_soup_pane","Result_Correct","","2","Rook","좋아요. 오늘 주문에 잘 맞는 한 끼예요."
"Rook_Normal_mushroom_soup_pane","Result_Similar","","1","Player","음식 나왔습니다."
"Rook_Normal_mushroom_soup_pane","Result_Similar","","2","Rook","생각한 것과는 조금 다르지만, 다음에는 또 다른 맛을 기대해볼게요."
"Rook_Normal_mushroom_soup_pane","Result_Wrong","","1","Player","음식 나왔습니다."
"Rook_Normal_mushroom_soup_pane","Result_Wrong","","2","Rook","오늘 찾던 주문과는 달랐어요. 다음에 다시 부탁드릴게요."
"Rook_Normal_corn_cheese_fondue","Intro","","1","Rook","주인장, 비바람을 피한 뒤 따뜻한 퐁듀를 주문한다."
"Rook_Normal_corn_cheese_fondue","Intro","","2","Player","룩님, 오늘 주문도 정성껏 준비할게요."
"Rook_Normal_corn_cheese_fondue","OrderIntent","","1","Rook","한입씩 찍어 먹으며 잠깐 쉬고 싶군요."
"Rook_Normal_corn_cheese_fondue","OrderIntent","","2","Rook","따뜻하고 고소한 것 속에 노란 알갱이가 씹히던 기억이 있어요. 들어 올리면 천천히 늘어나던 모습도요."
"Rook_Normal_corn_cheese_fondue","OrderIntent","","3","Player","말씀하신 모습과 느낌을 떠올리며 준비해 볼게요."
"Rook_Normal_corn_cheese_fondue","Question_Taste","Taste","1","Player","입에 넣었을 때 어떤 맛이 먼저 느껴지면 좋을까요?"
"Rook_Normal_corn_cheese_fondue","Question_Taste","Taste","2","Rook","감칠맛과 고소한 풍미가 충분했으면 해요. 단맛이 앞서지는 않게요."
"Rook_Normal_corn_cheese_fondue","Question_TextureTemp","TextureTemp","1","Player","온도나 씹는 느낌도 말씀해 주세요."
"Rook_Normal_corn_cheese_fondue","Question_TextureTemp","TextureTemp","2","Rook","따뜻할 때 먹고 싶어요. 부드럽고 촉촉하게 넘어가면 더 좋아요."
"Rook_Normal_corn_cheese_fondue","Question_Condition","Condition","1","Player","먹을 때 특히 신경 써 드릴 점이 있을까요?"
"Rook_Normal_corn_cheese_fondue","Question_Condition","Condition","2","Rook","부드럽게 넘어가도록 부탁해요. 이에 오래 달라붙는 느낌은 피하고 싶어요."
"Rook_Normal_corn_cheese_fondue","Question_Avoid","Avoid","1","Player","피하고 싶은 맛이나 느낌은요?"
"Rook_Normal_corn_cheese_fondue","Question_Avoid","Avoid","2","Rook","맛과 향이 너무 옅거나 이에 질척하게 달라붙지는 않았으면 좋겠어요."
"Rook_Normal_corn_cheese_fondue","Result_Perfect","","1","Player","주문하신 콘치즈 퐁듀입니다."
"Rook_Normal_corn_cheese_fondue","Result_Perfect","","2","Rook","딱 바라던 한 끼예요. 다음 길도 힘내서 갈 수 있겠네요."
"Rook_Normal_corn_cheese_fondue","Result_Correct","","1","Player","음식 나왔습니다."
"Rook_Normal_corn_cheese_fondue","Result_Correct","","2","Rook","좋아요. 오늘 주문에 잘 맞는 한 끼예요."
"Rook_Normal_corn_cheese_fondue","Result_Similar","","1","Player","음식 나왔습니다."
"Rook_Normal_corn_cheese_fondue","Result_Similar","","2","Rook","생각한 것과는 조금 다르지만, 다음에는 또 다른 맛을 기대해볼게요."
"Rook_Normal_corn_cheese_fondue","Result_Wrong","","1","Player","음식 나왔습니다."
"Rook_Normal_corn_cheese_fondue","Result_Wrong","","2","Rook","오늘 찾던 주문과는 달랐어요. 다음에 다시 부탁드릴게요."
"Rook_Memory_Reunion","Intro","","1","Rook","주인장, 익숙한 푸드트럭에서 이동 중 먹을 당고를 주문한다."
"Rook_Memory_Reunion","Intro","","2","Player","룩님, 오늘 주문도 정성껏 준비할게요."
"Rook_Memory_Reunion","OrderIntent","","1","Rook","길 위에서 손에 들고 먹던 작은 간식이 생각나요."
"Rook_Memory_Reunion","OrderIntent","","2","Rook","동그란 것 몇 알을 나란히 꿰었지요. 달콤하게 시작해서 고소한 여운이 남았으면 해요."
"Rook_Memory_Reunion","OrderIntent","","3","Player","말씀하신 모습과 느낌을 떠올리며 준비해 볼게요."
"Rook_Memory_Reunion","Question_Taste","Taste","1","Player","입에 넣었을 때 어떤 맛이 먼저 느껴지면 좋을까요?"
"Rook_Memory_Reunion","Question_Taste","Taste","2","Rook","첫맛은 달콤하게, 뒤에는 고소한 맛이 살짝 남으면 좋겠어요."
"Rook_Memory_Reunion","Question_TextureTemp","TextureTemp","1","Player","온도나 씹는 느낌도 말씀해 주세요."
"Rook_Memory_Reunion","Question_TextureTemp","TextureTemp","2","Rook","한입에 먹기 편하고 부담 없이 가벼우면 좋겠어요."
"Rook_Memory_Reunion","Question_Condition","Condition","1","Player","먹을 때 특히 신경 써 드릴 점이 있을까요?"
"Rook_Memory_Reunion","Question_Condition","Condition","2","Rook","먹고 나서 입안이 너무 무겁지 않았으면 해요."
"Rook_Memory_Reunion","Question_Avoid","Avoid","1","Player","피하고 싶은 맛이나 느낌은요?"
"Rook_Memory_Reunion","Question_Avoid","Avoid","2","Rook","아무 맛도 남지 않는 밋밋한 건 조금 아쉬워요."
"Rook_Memory_Reunion","Result_Perfect","","1","Player","주문하신 슬라임 핵 당고입니다."
"Rook_Memory_Reunion","Result_Perfect","","2","Rook","딱 바라던 한 끼예요. 다음 길도 힘내서 갈 수 있겠네요."
"Rook_Memory_Reunion","Result_Correct","","1","Player","음식 나왔습니다."
"Rook_Memory_Reunion","Result_Correct","","2","Rook","좋아요. 오늘 주문에 잘 맞는 한 끼예요."
"Rook_Memory_Reunion","Result_Similar","","1","Player","음식 나왔습니다."
"Rook_Memory_Reunion","Result_Similar","","2","Rook","생각한 것과는 조금 다르지만, 다음에는 또 다른 맛을 기대해볼게요."
"Rook_Memory_Reunion","Result_Wrong","","1","Player","음식 나왔습니다."
"Rook_Memory_Reunion","Result_Wrong","","2","Rook","오늘 찾던 주문과는 달랐어요. 다음에 다시 부탁드릴게요."
"Odin_FirstVisit_SinceEvent","Question_Condition","Condition","1","Player","먹을 때 특히 신경 써 드릴 점이 있을까요?"
"Odin_FirstVisit_SinceEvent","Question_Condition","Condition","2","Odin","부드럽게 넘어가면 좋겠네. 이에 오래 달라붙는 느낌은 피하고 싶군."
"Odin_Normal_DangoCraving","Question_Avoid","Avoid","1","Player","피하고 싶은 맛이나 느낌은요?"
"Odin_Normal_DangoCraving","Question_Avoid","Avoid","2","Odin","아무런 맛도 남지 않는 밋밋한 것은 아쉽지."
"Odin_Normal_MushroomSoup","Question_Avoid","Avoid","1","Player","피하고 싶은 맛이나 느낌은요?"
"Odin_Normal_MushroomSoup","Question_Avoid","Avoid","2","Odin","맛과 향이 너무 옅은 것은 아쉽네. 이에 질척하게 붙는 것도 피하고 싶군."
"Odin_Normal_WarmComfortSoup","Question_Condition","Condition","1","Player","먹을 때 특히 신경 써 드릴 점이 있을까요?"
"Odin_Normal_WarmComfortSoup","Question_Condition","Condition","2","Odin","부드럽게 넘어가면 좋겠네. 이에 오래 달라붙는 느낌은 피하고 싶군."
